study_id,week,date,weekly_enrolled,cumulative_enrolled,planned_cumulative,target_enrollment,enrollment_gap
BIO-2024-610,1,2023-11-10,1,1,14,1684,13
BIO-2024-610,2,2023-11-17,1,2,29,1684,27
BIO-2024-610,3,2023-11-24,0,2,43,1684,41
BIO-2024-610,4,2023-12-01,1,3,57,1684,54
BIO-2024-610,5,2023-12-08,1,4,71,1684,67
BIO-2024-610,6,2023-12-15,1,5,86,1684,81
BIO-2024-610,7,2023-12-22,1,6,100,1684,94
BIO-2024-610,8,2023-12-29,1,7,114,1684,107
BIO-2024-610,9,2024-01-05,2,9,128,1684,119
BIO-2024-610,10,2024-01-12,2,11,143,1684,132
BIO-2024-610,11,2024-01-19,2,13,157,1684,144
BIO-2024-610,12,2024-01-26,1,14,171,1684,157
BIO-2024-610,13,2024-02-02,1,15,186,1684,171
BIO-2024-610,14,2024-02-09,3,18,200,1684,182
BIO-2024-610,15,2024-02-16,5,23,214,1684,191
BIO-2024-610,16,2024-02-23,2,25,228,1684,203
BIO-2024-610,17,2024-03-01,3,28,243,1684,215
BIO-2024-610,18,2024-03-08,5,33,257,1684,224
BIO-2024-610,19,2024-03-15,2,35,271,1684,236
BIO-2024-610,20,2024-03-22,6,41,285,1684,244
BIO-2024-610,21,2024-03-29,5,46,300,1684,254
BIO-2024-610,22,2024-04-05,4,50,314,1684,264
BIO-2024-610,23,2024-04-12,4,54,328,1684,274
BIO-2024-610,24,2024-04-19,4,58,343,1684,285
BIO-2024-610,25,2024-04-26,4,62,357,1684,295
BIO-2024-610,26,2024-05-03,8,70,371,1684,301
BIO-2024-610,27,2024-05-10,7,77,385,1684,308
BIO-2024-610,28,2024-05-17,7,84,400,1684,316
BIO-2024-610,29,2024-05-24,8,92,414,1684,322
BIO-2024-610,30,2024-05-31,5,97,428,1684,331
BIO-2024-610,31,2024-06-07,8,105,442,1684,337
BIO-2024-610,32,2024-06-14,7,112,457,1684,345
BIO-2024-610,33,2024-06-21,10,122,471,1684,349
BIO-2024-610,34,2024-06-28,6,128,485,1684,357
BIO-2024-610,35,2024-07-05,9,137,499,1684,362
BIO-2024-610,36,2024-07-12,12,149,514,1684,365
BIO-2024-610,37,2024-07-19,7,156,528,1684,372
BIO-2024-610,38,2024-07-26,4,160,542,1684,382
BIO-2024-610,39,2024-08-02,9,169,557,1684,388
BIO-2024-610,40,2024-08-09,8,177,571,1684,394
BIO-2024-610,41,2024-08-16,12,189,585,1684,396
BIO-2024-610,42,2024-08-23,16,205,599,1684,394
BIO-2024-610,43,2024-08-30,11,216,614,1684,398
BIO-2024-610,44,2024-09-06,11,227,628,1684,401
BIO-2024-610,45,2024-09-13,14,241,642,1684,401
BIO-2024-610,46,2024-09-20,7,248,656,1684,408
BIO-2024-610,47,2024-09-27,10,258,671,1684,413
BIO-2024-610,48,2024-10-04,21,279,685,1684,406
BIO-2024-610,49,2024-10-11,18,297,699,1684,402
BIO-2024-610,50,2024-10-18,7,304,714,1684,410
BIO-2024-610,51,2024-10-25,11,315,728,1684,413
BIO-2024-610,52,2024-11-01,21,336,742,1684,406
BIO-2024-610,53,2024-11-08,24,360,756,1684,396
BIO-2024-610,54,2024-11-15,27,387,771,1684,384
BIO-2024-610,55,2024-11-22,15,402,785,1684,383
BIO-2024-610,56,2024-11-29,32,434,799,1684,365
BIO-2024-610,57,2024-12-06,23,457,813,1684,356
BIO-2024-610,58,2024-12-13,28,485,828,1684,343
BIO-2024-610,59,2024-12-20,26,511,842,1684,331
BIO-2024-610,60,2024-12-27,14,525,856,1684,331
BIO-2024-610,61,2025-01-03,39,564,871,1684,307
BIO-2024-610,62,2025-01-10,15,579,885,1684,306
BIO-2024-610,63,2025-01-17,19,598,899,1684,301
BIO-2024-610,64,2025-01-24,37,635,913,1684,278
BIO-2024-610,65,2025-01-31,32,667,928,1684,261
BIO-2024-610,66,2025-02-07,39,706,942,1684,236
BIO-2024-610,67,2025-02-14,29,735,956,1684,221
BIO-2024-610,68,2025-02-21,25,760,970,1684,210
BIO-2024-610,69,2025-02-28,43,803,985,1684,182
BIO-2024-610,70,2025-03-07,14,817,999,1684,182
BIO-2024-610,71,2025-03-14,42,859,1013,1684,154
BIO-2024-610,72,2025-03-21,20,879,1028,1684,149
BIO-2024-610,73,2025-03-28,41,920,1042,1684,122
BIO-2024-610,74,2025-04-04,17,937,1056,1684,119
BIO-2024-610,75,2025-04-11,32,969,1070,1684,101
BIO-2024-610,76,2025-04-18,42,1011,1085,1684,74
BIO-2024-610,77,2025-04-25,28,1039,1099,1684,60
BIO-2024-610,78,2025-05-02,37,1076,1113,1684,37
BIO-2024-610,79,2025-05-09,38,1114,1127,1684,13
BIO-2024-610,80,2025-05-16,36,1150,1142,1684,-8
BIO-2024-610,81,2025-05-23,41,1191,1156,1684,-35
BIO-2024-610,82,2025-05-30,26,1217,1170,1684,-47
BIO-2024-610,83,2025-06-06,17,1234,1185,1684,-49
BIO-2024-610,84,2025-06-13,13,1247,1199,1684,-48
BIO-2024-610,85,2025-06-20,19,1266,1213,1684,-53
BIO-2024-610,86,2025-06-27,15,1281,1227,1684,-54
BIO-2024-610,87,2025-07-04,28,1309,1242,1684,-67
BIO-2024-610,88,2025-07-11,16,1325,1256,1684,-69
BIO-2024-610,89,2025-07-18,12,1337,1270,1684,-67
BIO-2024-610,90,2025-07-25,12,1349,1284,1684,-65
BIO-2024-610,91,2025-08-01,36,1385,1299,1684,-86
BIO-2024-610,92,2025-08-08,28,1413,1313,1684,-100
BIO-2024-610,93,2025-08-15,22,1435,1327,1684,-108
BIO-2024-610,94,2025-08-22,38,1473,1341,1684,-132
BIO-2024-610,95,2025-08-29,13,1486,1356,1684,-130
BIO-2024-610,96,2025-09-05,41,1527,1370,1684,-157
BIO-2024-610,97,2025-09-12,31,1558,1384,1684,-174
BIO-2024-610,98,2025-09-19,17,1575,1399,1684,-176
BIO-2024-610,99,2025-09-26,34,1609,1413,1684,-196
BIO-2024-610,100,2025-10-03,37,1646,1427,1684,-219
BIO-2024-610,101,2025-10-10,27,1673,1441,1684,-232
BIO-2024-610,102,2025-10-17,42,1684,1456,1684,-228
BIO-2024-610,103,2025-10-24,18,1684,1470,1684,-214
BIO-2024-610,104,2025-10-31,23,1684,1484,1684,-200
BIO-2025-373,1,2023-01-21,0,0,26,4056,26
BIO-2025-373,2,2023-01-28,1,1,51,4056,50
BIO-2025-373,3,2023-02-04,1,2,77,4056,75
BIO-2025-373,4,2023-02-11,2,4,102,4056,98
BIO-2025-373,5,2023-02-18,1,5,128,4056,123
BIO-2025-373,6,2023-02-25,2,7,153,4056,146
BIO-2025-373,7,2023-03-04,2,9,179,4056,170
BIO-2025-373,8,2023-03-11,3,12,204,4056,192
BIO-2025-373,9,2023-03-18,4,16,230,4056,214
BIO-2025-373,10,2023-03-25,3,19,255,4056,236
BIO-2025-373,11,2023-04-01,4,23,281,4056,258
BIO-2025-373,12,2023-04-08,4,27,306,4056,279
BIO-2025-373,13,2023-04-15,5,32,332,4056,300
BIO-2025-373,14,2023-04-22,4,36,357,4056,321
BIO-2025-373,15,2023-04-29,1,37,383,4056,346
BIO-2025-373,16,2023-05-06,3,40,408,4056,368
BIO-2025-373,17,2023-05-13,4,44,434,4056,390
BIO-2025-373,18,2023-05-20,3,47,459,4056,412
BIO-2025-373,19,2023-05-27,3,50,485,4056,435
BIO-2025-373,20,2023-06-03,4,54,510,4056,456
BIO-2025-373,21,2023-06-10,6,60,536,4056,476
BIO-2025-373,22,2023-06-17,2,62,561,4056,499
BIO-2025-373,23,2023-06-24,6,68,587,4056,519
BIO-2025-373,24,2023-07-01,6,74,612,4056,538
BIO-2025-373,25,2023-07-08,7,81,638,4056,557
BIO-2025-373,26,2023-07-15,7,88,663,4056,575
BIO-2025-373,27,2023-07-22,7,95,689,4056,594
BIO-2025-373,28,2023-07-29,5,100,714,4056,614
BIO-2025-373,29,2023-08-05,3,103,740,4056,637
BIO-2025-373,30,2023-08-12,6,109,765,4056,656
BIO-2025-373,31,2023-08-19,7,116,791,4056,675
BIO-2025-373,32,2023-08-26,8,124,816,4056,692
BIO-2025-373,33,2023-09-02,8,132,842,4056,710
BIO-2025-373,34,2023-09-09,4,136,867,4056,731
BIO-2025-373,35,2023-09-16,7,143,893,4056,750
BIO-2025-373,36,2023-09-23,5,148,918,4056,770
BIO-2025-373,37,2023-09-30,3,151,944,4056,793
BIO-2025-373,38,2023-10-07,4,155,969,4056,814
BIO-2025-373,39,2023-10-14,4,159,995,4056,836
BIO-2025-373,40,2023-10-21,10,169,1020,4056,851
BIO-2025-373,41,2023-10-28,5,174,1046,4056,872
BIO-2025-373,42,2023-11-04,6,180,1071,4056,891
BIO-2025-373,43,2023-11-11,13,193,1097,4056,904
BIO-2025-373,44,2023-11-18,8,201,1122,4056,921
BIO-2025-373,45,2023-11-25,4,205,1148,4056,943
BIO-2025-373,46,2023-12-02,7,212,1173,4056,961
BIO-2025-373,47,2023-12-09,6,218,1199,4056,981
BIO-2025-373,48,2023-12-16,6,224,1224,4056,1000
BIO-2025-373,49,2023-12-23,6,230,1250,4056,1020
BIO-2025-373,50,2023-12-30,14,244,1275,4056,1031
BIO-2025-373,51,2024-01-06,8,252,1301,4056,1049
BIO-2025-373,52,2024-01-13,11,263,1326,4056,1063
BIO-2025-373,53,2024-01-20,20,283,1352,4056,1069
BIO-2025-373,54,2024-01-27,14,297,1378,4056,1081
BIO-2025-373,55,2024-02-03,24,321,1403,4056,1082
BIO-2025-373,56,2024-02-10,17,338,1429,4056,1091
BIO-2025-373,57,2024-02-17,15,353,1454,4056,1101
BIO-2025-373,58,2024-02-24,24,377,1480,4056,1103
BIO-2025-373,59,2024-03-02,10,387,1505,4056,1118
BIO-2025-373,60,2024-03-09,10,397,1531,4056,1134
BIO-2025-373,61,2024-03-16,24,421,1556,4056,1135
BIO-2025-373,62,2024-03-23,21,442,1582,4056,1140
BIO-2025-373,63,2024-03-30,30,472,1607,4056,1135
BIO-2025-373,64,2024-04-06,34,506,1633,4056,1127
BIO-2025-373,65,2024-04-13,20,526,1658,4056,1132
BIO-2025-373,66,2024-04-20,27,553,1684,4056,1131
BIO-2025-373,67,2024-04-27,25,578,1709,4056,1131
BIO-2025-373,68,2024-05-04,39,617,1735,4056,1118
BIO-2025-373,69,2024-05-11,35,652,1760,4056,1108
BIO-2025-373,70,2024-05-18,38,690,1786,4056,1096
BIO-2025-373,71,2024-05-25,19,709,1811,4056,1102
BIO-2025-373,72,2024-06-01,35,744,1837,4056,1093
BIO-2025-373,73,2024-06-08,20,764,1862,4056,1098
BIO-2025-373,74,2024-06-15,18,782,1888,4056,1106
BIO-2025-373,75,2024-06-22,41,823,1913,4056,1090
BIO-2025-373,76,2024-06-29,12,835,1939,4056,1104
BIO-2025-373,77,2024-07-06,42,877,1964,4056,1087
BIO-2025-373,78,2024-07-13,16,893,1990,4056,1097
BIO-2025-373,79,2024-07-20,37,930,2015,4056,1085
BIO-2025-373,80,2024-07-27,20,950,2041,4056,1091
BIO-2025-373,81,2024-08-03,23,973,2066,4056,1093
BIO-2025-373,82,2024-08-10,18,991,2092,4056,1101
BIO-2025-373,83,2024-08-17,30,1021,2117,4056,1096
BIO-2025-373,84,2024-08-24,22,1043,2143,4056,1100
BIO-2025-373,85,2024-08-31,32,1075,2168,4056,1093
BIO-2025-373,86,2024-09-07,12,1087,2194,4056,1107
BIO-2025-373,87,2024-09-14,13,1100,2219,4056,1119
BIO-2025-373,88,2024-09-21,15,1115,2245,4056,1130
BIO-2025-373,89,2024-09-28,24,1139,2270,4056,1131
BIO-2025-373,90,2024-10-05,37,1176,2296,4056,1120
BIO-2025-373,91,2024-10-12,40,1216,2321,4056,1105
BIO-2025-373,92,2024-10-19,19,1235,2347,4056,1112
BIO-2025-373,93,2024-10-26,30,1265,2372,4056,1107
BIO-2025-373,94,2024-11-02,37,1302,2398,4056,1096
BIO-2025-373,95,2024-11-09,22,1324,2423,4056,1099
BIO-2025-373,96,2024-11-16,26,1350,2449,4056,1099
BIO-2025-373,97,2024-11-23,31,1381,2474,4056,1093
BIO-2025-373,98,2024-11-30,18,1399,2500,4056,1101
BIO-2025-373,99,2024-12-07,14,1413,2525,4056,1112
BIO-2025-373,100,2024-12-14,19,1432,2551,4056,1119
BIO-2025-373,101,2024-12-21,37,1469,2576,4056,1107
BIO-2025-373,102,2024-12-28,17,1486,2602,4056,1116
BIO-2025-373,103,2025-01-04,22,1508,2627,4056,1119
BIO-2025-373,104,2025-01-11,29,1537,2653,4056,1116
BIO-2026-489,1,2023-02-04,0,0,11,1778,11
BIO-2026-489,2,2023-02-11,0,0,23,1778,23
BIO-2026-489,3,2023-02-18,1,1,34,1778,33
BIO-2026-489,4,2023-02-25,0,1,45,1778,44
BIO-2026-489,5,2023-03-04,1,2,57,1778,55
BIO-2026-489,6,2023-03-11,0,2,68,1778,66
BIO-2026-489,7,2023-03-18,1,3,79,1778,76
BIO-2026-489,8,2023-03-25,1,4,91,1778,87
BIO-2026-489,9,2023-04-01,0,4,102,1778,98
BIO-2026-489,10,2023-04-08,1,5,113,1778,108
BIO-2026-489,11,2023-04-15,1,6,125,1778,119
BIO-2026-489,12,2023-04-22,1,7,136,1778,129
BIO-2026-489,13,2023-04-29,1,8,147,1778,139
BIO-2026-489,14,2023-05-06,2,10,159,1778,149
BIO-2026-489,15,2023-05-13,2,12,170,1778,158
BIO-2026-489,16,2023-05-20,2,14,181,1778,167
BIO-2026-489,17,2023-05-27,1,15,193,1778,178
BIO-2026-489,18,2023-06-03,1,16,204,1778,188
BIO-2026-489,19,2023-06-10,2,18,215,1778,197
BIO-2026-489,20,2023-06-17,2,20,226,1778,206
BIO-2026-489,21,2023-06-24,3,23,238,1778,215
BIO-2026-489,22,2023-07-01,1,24,249,1778,225
BIO-2026-489,23,2023-07-08,2,26,260,1778,234
BIO-2026-489,24,2023-07-15,1,27,272,1778,245
BIO-2026-489,25,2023-07-22,2,29,283,1778,254
BIO-2026-489,26,2023-07-29,1,30,294,1778,264
BIO-2026-489,27,2023-08-05,2,32,306,1778,274
BIO-2026-489,28,2023-08-12,3,35,317,1778,282
BIO-2026-489,29,2023-08-19,1,36,328,1778,292
BIO-2026-489,30,2023-08-26,3,39,340,1778,301
BIO-2026-489,31,2023-09-02,2,41,351,1778,310
BIO-2026-489,32,2023-09-09,1,42,362,1778,320
BIO-2026-489,33,2023-09-16,2,44,374,1778,330
BIO-2026-489,34,2023-09-23,3,47,385,1778,338
BIO-2026-489,35,2023-09-30,1,48,396,1778,348
BIO-2026-489,36,2023-10-07,4,52,408,1778,356
BIO-2026-489,37,2023-10-14,4,56,419,1778,363
BIO-2026-489,38,2023-10-21,2,58,430,1778,372
BIO-2026-489,39,2023-10-28,2,60,442,1778,382
BIO-2026-489,40,2023-11-04,3,63,453,1778,390
BIO-2026-489,41,2023-11-11,4,67,464,1778,397
BIO-2026-489,42,2023-11-18,2,69,476,1778,407
BIO-2026-489,43,2023-11-25,1,70,487,1778,417
BIO-2026-489,44,2023-12-02,4,74,498,1778,424
BIO-2026-489,45,2023-12-09,6,80,510,1778,430
BIO-2026-489,46,2023-12-16,4,84,521,1778,437
BIO-2026-489,47,2023-12-23,4,88,532,1778,444
BIO-2026-489,48,2023-12-30,7,95,544,1778,449
BIO-2026-489,49,2024-01-06,6,101,555,1778,454
BIO-2026-489,50,2024-01-13,7,108,566,1778,458
BIO-2026-489,51,2024-01-20,6,114,578,1778,464
BIO-2026-489,52,2024-01-27,9,123,589,1778,466
BIO-2026-489,53,2024-02-03,8,131,600,1778,469
BIO-2026-489,54,2024-02-10,10,141,612,1778,471
BIO-2026-489,55,2024-02-17,9,150,623,1778,473
BIO-2026-489,56,2024-02-24,9,159,634,1778,475
BIO-2026-489,57,2024-03-02,6,165,646,1778,481
BIO-2026-489,58,2024-03-09,6,171,657,1778,486
BIO-2026-489,59,2024-03-16,11,182,668,1778,486
BIO-2026-489,60,2024-03-23,7,189,679,1778,490
BIO-2026-489,61,2024-03-30,10,199,691,1778,492
BIO-2026-489,62,2024-04-06,7,206,702,1778,496
BIO-2026-489,63,2024-04-13,13,219,713,1778,494
BIO-2026-489,64,2024-04-20,5,224,725,1778,501
BIO-2026-489,65,2024-04-27,14,238,736,1778,498
BIO-2026-489,66,2024-05-04,12,250,747,1778,497
BIO-2026-489,67,2024-05-11,7,257,759,1778,502
BIO-2026-489,68,2024-05-18,12,269,770,1778,501
BIO-2026-489,69,2024-05-25,8,277,781,1778,504
BIO-2026-489,70,2024-06-01,9,286,793,1778,507
BIO-2026-489,71,2024-06-08,10,296,804,1778,508
BIO-2026-489,72,2024-06-15,6,302,815,1778,513
BIO-2026-489,73,2024-06-22,19,321,827,1778,506
BIO-2026-489,74,2024-06-29,5,326,838,1778,512
BIO-2026-489,75,2024-07-06,14,340,849,1778,509
BIO-2026-489,76,2024-07-13,10,350,861,1778,511
BIO-2026-489,77,2024-07-20,14,364,872,1778,508
BIO-2026-489,78,2024-07-27,10,374,883,1778,509
BIO-2026-489,79,2024-08-03,15,389,895,1778,506
BIO-2026-489,80,2024-08-10,15,404,906,1778,502
BIO-2026-489,81,2024-08-17,15,419,917,1778,498
BIO-2026-489,82,2024-08-24,7,426,929,1778,503
BIO-2026-489,83,2024-08-31,14,440,940,1778,500
BIO-2026-489,84,2024-09-07,9,449,951,1778,502
BIO-2026-489,85,2024-09-14,5,454,963,1778,509
BIO-2026-489,86,2024-09-21,11,465,974,1778,509
BIO-2026-489,87,2024-09-28,11,476,985,1778,509
BIO-2026-489,88,2024-10-05,11,487,997,1778,510
BIO-2026-489,89,2024-10-12,15,502,1008,1778,506
BIO-2026-489,90,2024-10-19,9,511,1019,1778,508
BIO-2026-489,91,2024-10-26,9,520,1031,1778,511
BIO-2026-489,92,2024-11-02,6,526,1042,1778,516
BIO-2026-489,93,2024-11-09,15,541,1053,1778,512
BIO-2026-489,94,2024-11-16,13,554,1065,1778,511
BIO-2026-489,95,2024-11-23,10,564,1076,1778,512
BIO-2026-489,96,2024-11-30,16,580,1087,1778,507
BIO-2026-489,97,2024-12-07,14,594,1099,1778,505
BIO-2026-489,98,2024-12-14,13,607,1110,1778,503
BIO-2026-489,99,2024-12-21,14,621,1121,1778,500
BIO-2026-489,100,2024-12-28,16,637,1132,1778,495
BIO-2026-489,101,2025-01-04,17,654,1144,1778,490
BIO-2026-489,102,2025-01-11,11,665,1155,1778,490
BIO-2026-489,103,2025-01-18,9,674,1166,1778,492
BIO-2026-489,104,2025-01-25,9,683,1178,1778,495
BIO-2027-826,1,2024-03-31,0,0,2,174,2
BIO-2027-826,2,2024-04-07,0,0,4,174,4
BIO-2027-826,3,2024-04-14,0,0,5,174,5
BIO-2027-826,4,2024-04-21,0,0,7,174,7
BIO-2027-826,5,2024-04-28,0,0,9,174,9
BIO-2027-826,6,2024-05-05,0,0,11,174,11
BIO-2027-826,7,2024-05-12,1,1,13,174,12
BIO-2027-826,8,2024-05-19,0,1,14,174,13
BIO-2027-826,9,2024-05-26,1,2,16,174,14
BIO-2027-826,10,2024-06-02,0,2,18,174,16
BIO-2027-826,11,2024-06-09,0,2,20,174,18
BIO-2027-826,12,2024-06-16,0,2,22,174,20
BIO-2027-826,13,2024-06-23,1,3,23,174,20
BIO-2027-826,14,2024-06-30,0,3,25,174,22
BIO-2027-826,15,2024-07-07,1,4,27,174,23
BIO-2027-826,16,2024-07-14,1,5,29,174,24
BIO-2027-826,17,2024-07-21,1,6,30,174,24
BIO-2027-826,18,2024-07-28,2,8,32,174,24
BIO-2027-826,19,2024-08-04,1,9,34,174,25
BIO-2027-826,20,2024-08-11,1,10,36,174,26
BIO-2027-826,21,2024-08-18,2,12,38,174,26
BIO-2027-826,22,2024-08-25,1,13,39,174,26
BIO-2027-826,23,2024-09-01,2,15,41,174,26
BIO-2027-826,24,2024-09-08,3,18,43,174,25
BIO-2027-826,25,2024-09-15,4,22,45,174,23
BIO-2027-826,26,2024-09-22,4,26,47,174,21
BIO-2027-826,27,2024-09-29,2,28,48,174,20
BIO-2027-826,28,2024-10-06,3,31,50,174,19
BIO-2027-826,29,2024-10-13,1,32,52,174,20
BIO-2027-826,30,2024-10-20,2,34,54,174,20
BIO-2027-826,31,2024-10-27,1,35,56,174,21
BIO-2027-826,32,2024-11-03,2,37,57,174,20
BIO-2027-826,33,2024-11-10,5,42,59,174,17
BIO-2027-826,34,2024-11-17,3,45,61,174,16
BIO-2027-826,35,2024-11-24,4,49,63,174,14
BIO-2027-826,36,2024-12-01,3,52,65,174,13
BIO-2027-826,37,2024-12-08,4,56,66,174,10
BIO-2027-826,38,2024-12-15,6,62,68,174,6
BIO-2027-826,39,2024-12-22,3,65,70,174,5
BIO-2027-826,40,2024-12-29,5,70,72,174,2
BIO-2027-826,41,2025-01-05,4,74,74,174,0
BIO-2027-826,42,2025-01-12,2,76,75,174,-1
BIO-2027-826,43,2025-01-19,5,81,77,174,-4
BIO-2027-826,44,2025-01-26,7,88,79,174,-9
BIO-2027-826,45,2025-02-02,3,91,81,174,-10
BIO-2027-826,46,2025-02-09,3,94,83,174,-11
BIO-2027-826,47,2025-02-16,4,98,84,174,-14
BIO-2027-826,48,2025-02-23,8,106,86,174,-20
BIO-2027-826,49,2025-03-02,9,115,88,174,-27
BIO-2027-826,50,2025-03-09,8,123,90,174,-33
BIO-2027-826,51,2025-03-16,7,130,91,174,-39
BIO-2027-826,52,2025-03-23,11,141,93,174,-48
BIO-2027-826,53,2025-03-30,11,152,95,174,-57
BIO-2027-826,54,2025-04-06,11,163,97,174,-66
BIO-2027-826,55,2025-04-13,12,174,99,174,-75
BIO-2027-826,56,2025-04-20,11,174,100,174,-74
BIO-2027-826,57,2025-04-27,9,174,102,174,-72
BIO-2027-826,58,2025-05-04,14,174,104,174,-70
BIO-2027-826,59,2025-05-11,15,174,106,174,-68
BIO-2027-826,60,2025-05-18,4,174,108,174,-66
BIO-2027-826,61,2025-05-25,5,174,109,174,-65
BIO-2027-826,62,2025-06-01,16,174,111,174,-63
BIO-2027-826,63,2025-06-08,8,174,113,174,-61
BIO-2027-826,64,2025-06-15,16,174,115,174,-59
BIO-2027-826,65,2025-06-22,10,174,117,174,-57
BIO-2027-826,66,2025-06-29,6,174,118,174,-56
BIO-2027-826,67,2025-07-06,6,174,120,174,-54
BIO-2027-826,68,2025-07-13,7,174,122,174,-52
BIO-2027-826,69,2025-07-20,8,174,124,174,-50
BIO-2027-826,70,2025-07-27,11,174,126,174,-48
BIO-2027-826,71,2025-08-03,14,174,127,174,-47
BIO-2027-826,72,2025-08-10,18,174,129,174,-45
BIO-2027-826,73,2025-08-17,10,174,131,174,-43
BIO-2027-826,74,2025-08-24,11,174,133,174,-41
BIO-2027-826,75,2025-08-31,11,174,135,174,-39
BIO-2027-826,76,2025-09-07,11,174,136,174,-38
BIO-2027-826,77,2025-09-14,11,174,138,174,-36
BIO-2027-826,78,2025-09-21,4,174,140,174,-34
BIO-2027-826,79,2025-09-28,4,174,142,174,-32
BIO-2027-826,80,2025-10-05,5,174,144,174,-30
BIO-2027-826,81,2025-10-12,5,174,145,174,-29
BIO-2027-826,82,2025-10-19,12,174,147,174,-27
BIO-2027-826,83,2025-10-26,6,174,149,174,-25
BIO-2027-826,84,2025-11-02,14,174,151,174,-23
BIO-2027-826,85,2025-11-09,14,174,152,174,-22
BIO-2027-826,86,2025-11-16,15,174,154,174,-20
BIO-2027-826,87,2025-11-23,14,174,156,174,-18
BIO-2027-826,88,2025-11-30,7,174,158,174,-16
BIO-2027-826,89,2025-12-07,9,174,160,174,-14
BIO-2027-826,90,2025-12-14,6,174,161,174,-13
BIO-2027-826,91,2025-12-21,12,174,163,174,-11
BIO-2027-826,92,2025-12-28,13,174,165,174,-9
BIO-2027-826,93,2026-01-04,13,174,167,174,-7
BIO-2027-826,94,2026-01-11,8,174,169,174,-5
BIO-2027-826,95,2026-01-18,12,174,170,174,-4
BIO-2027-826,96,2026-01-25,5,174,172,174,-2
BIO-2027-826,97,2026-02-01,4,174,174,174,0
BIO-2028-747,1,2023-06-06,0,0,7,992,7
BIO-2028-747,2,2023-06-13,0,0,14,992,14
BIO-2028-747,3,2023-06-20,1,1,21,992,20
BIO-2028-747,4,2023-06-27,0,1,28,992,27
BIO-2028-747,5,2023-07-04,1,2,35,992,33
BIO-2028-747,6,2023-07-11,1,3,43,992,40
BIO-2028-747,7,2023-07-18,1,4,50,992,46
BIO-2028-747,8,2023-07-25,1,5,57,992,52
BIO-2028-747,9,2023-08-01,1,6,64,992,58
BIO-2028-747,10,2023-08-08,1,7,71,992,64
BIO-2028-747,11,2023-08-15,2,9,78,992,69
BIO-2028-747,12,2023-08-22,0,9,85,992,76
BIO-2028-747,13,2023-08-29,0,9,92,992,83
BIO-2028-747,14,2023-09-05,1,10,99,992,89
BIO-2028-747,15,2023-09-12,2,12,106,992,94
BIO-2028-747,16,2023-09-19,1,13,113,992,100
BIO-2028-747,17,2023-09-26,2,15,120,992,105
BIO-2028-747,18,2023-10-03,2,17,128,992,111
BIO-2028-747,19,2023-10-10,1,18,135,992,117
BIO-2028-747,20,2023-10-17,3,21,142,992,121
BIO-2028-747,21,2023-10-24,1,22,149,992,127
BIO-2028-747,22,2023-10-31,3,25,156,992,131
BIO-2028-747,23,2023-11-07,1,26,163,992,137
BIO-2028-747,24,2023-11-14,2,28,170,992,142
BIO-2028-747,25,2023-11-21,2,30,177,992,147
BIO-2028-747,26,2023-11-28,1,31,184,992,153
BIO-2028-747,27,2023-12-05,2,33,191,992,158
BIO-2028-747,28,2023-12-12,1,34,198,992,164
BIO-2028-747,29,2023-12-19,1,35,205,992,170
BIO-2028-747,30,2023-12-26,1,36,213,992,177
BIO-2028-747,31,2024-01-02,3,39,220,992,181
BIO-2028-747,32,2024-01-09,4,43,227,992,184
BIO-2028-747,33,2024-01-16,3,46,234,992,188
BIO-2028-747,34,2024-01-23,5,51,241,992,190
BIO-2028-747,35,2024-01-30,4,55,248,992,193
BIO-2028-747,36,2024-02-06,4,59,255,992,196
BIO-2028-747,37,2024-02-13,4,63,262,992,199
BIO-2028-747,38,2024-02-20,3,66,269,992,203
BIO-2028-747,39,2024-02-27,5,71,276,992,205
BIO-2028-747,40,2024-03-05,2,73,283,992,210
BIO-2028-747,41,2024-03-12,6,79,291,992,212
BIO-2028-747,42,2024-03-19,6,85,298,992,213
BIO-2028-747,43,2024-03-26,3,88,305,992,217
BIO-2028-747,44,2024-04-02,6,94,312,992,218
BIO-2028-747,45,2024-04-09,2,96,319,992,223
BIO-2028-747,46,2024-04-16,3,99,326,992,227
BIO-2028-747,47,2024-04-23,3,102,333,992,231
BIO-2028-747,48,2024-04-30,8,110,340,992,230
BIO-2028-747,49,2024-05-07,8,118,347,992,229
BIO-2028-747,50,2024-05-14,9,127,354,992,227
BIO-2028-747,51,2024-05-21,3,130,361,992,231
BIO-2028-747,52,2024-05-28,7,137,368,992,231
BIO-2028-747,53,2024-06-04,10,147,376,992,229
BIO-2028-747,54,2024-06-11,5,152,383,992,231
BIO-2028-747,55,2024-06-18,10,162,390,992,228
BIO-2028-747,56,2024-06-25,5,167,397,992,230
BIO-2028-747,57,2024-07-02,6,173,404,992,231
BIO-2028-747,58,2024-07-09,10,183,411,992,228
BIO-2028-747,59,2024-07-16,12,195,418,992,223
BIO-2028-747,60,2024-07-23,6,201,425,992,224
BIO-2028-747,61,2024-07-30,7,208,432,992,224
BIO-2028-747,62,2024-08-06,7,215,439,992,224
BIO-2028-747,63,2024-08-13,8,223,446,992,223
BIO-2028-747,64,2024-08-20,8,231,453,992,222
BIO-2028-747,65,2024-08-27,11,242,461,992,219
BIO-2028-747,66,2024-09-03,15,257,468,992,211
BIO-2028-747,67,2024-09-10,12,269,475,992,206
BIO-2028-747,68,2024-09-17,18,287,482,992,195
BIO-2028-747,69,2024-09-24,17,304,489,992,185
BIO-2028-747,70,2024-10-01,8,312,496,992,184
BIO-2028-747,71,2024-10-08,7,319,503,992,184
BIO-2028-747,72,2024-10-15,20,339,510,992,171
BIO-2028-747,73,2024-10-22,7,346,517,992,171
BIO-2028-747,74,2024-10-29,8,354,524,992,170
BIO-2028-747,75,2024-11-05,6,360,531,992,171
BIO-2028-747,76,2024-11-12,16,376,539,992,163
BIO-2028-747,77,2024-11-19,15,391,546,992,155
BIO-2028-747,78,2024-11-26,22,413,553,992,140
BIO-2028-747,79,2024-12-03,20,433,560,992,127
BIO-2028-747,80,2024-12-10,12,445,567,992,122
BIO-2028-747,81,2024-12-17,12,457,574,992,117
BIO-2028-747,82,2024-12-24,10,467,581,992,114
BIO-2028-747,83,2024-12-31,8,475,588,992,113
BIO-2028-747,84,2025-01-07,8,483,595,992,112
BIO-2028-747,85,2025-01-14,8,491,602,992,111
BIO-2028-747,86,2025-01-21,7,498,609,992,111
BIO-2028-747,87,2025-01-28,9,507,616,992,109
BIO-2028-747,88,2025-02-04,10,517,624,992,107
BIO-2028-747,89,2025-02-11,20,537,631,992,94
BIO-2028-747,90,2025-02-18,14,551,638,992,87
BIO-2028-747,91,2025-02-25,21,572,645,992,73
BIO-2028-747,92,2025-03-04,11,583,652,992,69
BIO-2028-747,93,2025-03-11,13,596,659,992,63
BIO-2028-747,94,2025-03-18,11,607,666,992,59
BIO-2028-747,95,2025-03-25,9,616,673,992,57
BIO-2028-747,96,2025-04-01,8,624,680,992,56
BIO-2028-747,97,2025-04-08,22,646,687,992,41
BIO-2028-747,98,2025-04-15,23,669,694,992,25
BIO-2028-747,99,2025-04-22,7,676,701,992,25
BIO-2028-747,100,2025-04-29,9,685,709,992,24
BIO-2028-747,101,2025-05-06,14,699,716,992,17
BIO-2028-747,102,2025-05-13,10,709,723,992,14
BIO-2028-747,103,2025-05-20,14,723,730,992,7
BIO-2028-747,104,2025-05-27,9,732,737,992,5
BIO-2029-132,1,2023-05-15,0,0,0,60,0
BIO-2029-132,2,2023-05-22,0,0,1,60,1
BIO-2029-132,3,2023-05-29,0,0,1,60,1
BIO-2029-132,4,2023-06-05,0,0,2,60,2
BIO-2029-132,5,2023-06-12,0,0,2,60,2
BIO-2029-132,6,2023-06-19,0,0,3,60,3
BIO-2029-132,7,2023-06-26,0,0,3,60,3
BIO-2029-132,8,2023-07-03,0,0,3,60,3
BIO-2029-132,9,2023-07-10,0,0,4,60,4
BIO-2029-132,10,2023-07-17,0,0,4,60,4
BIO-2029-132,11,2023-07-24,0,0,5,60,5
BIO-2029-132,12,2023-07-31,0,0,5,60,5
BIO-2029-132,13,2023-08-07,0,0,5,60,5
BIO-2029-132,14,2023-08-14,0,0,6,60,6
BIO-2029-132,15,2023-08-21,0,0,6,60,6
BIO-2029-132,16,2023-08-28,0,0,7,60,7
BIO-2029-132,17,2023-09-04,0,0,7,60,7
BIO-2029-132,18,2023-09-11,0,0,8,60,8
BIO-2029-132,19,2023-09-18,0,0,8,60,8
BIO-2029-132,20,2023-09-25,0,0,8,60,8
BIO-2029-132,21,2023-10-02,0,0,9,60,9
BIO-2029-132,22,2023-10-09,0,0,9,60,9
BIO-2029-132,23,2023-10-16,0,0,10,60,10
BIO-2029-132,24,2023-10-23,0,0,10,60,10
BIO-2029-132,25,2023-10-30,0,0,10,60,10
BIO-2029-132,26,2023-11-06,0,0,11,60,11
BIO-2029-132,27,2023-11-13,0,0,11,60,11
BIO-2029-132,28,2023-11-20,0,0,12,60,12
BIO-2029-132,29,2023-11-27,0,0,12,60,12
BIO-2029-132,30,2023-12-04,0,0,13,60,13
BIO-2029-132,31,2023-12-11,0,0,13,60,13
BIO-2029-132,32,2023-12-18,0,0,13,60,13
BIO-2029-132,33,2023-12-25,0,0,14,60,14
BIO-2029-132,34,2024-01-01,0,0,14,60,14
BIO-2029-132,35,2024-01-08,0,0,15,60,15
BIO-2029-132,36,2024-01-15,0,0,15,60,15
BIO-2029-132,37,2024-01-22,0,0,16,60,16
BIO-2029-132,38,2024-01-29,0,0,16,60,16
BIO-2029-132,39,2024-02-05,0,0,16,60,16
BIO-2029-132,40,2024-02-12,0,0,17,60,17
BIO-2029-132,41,2024-02-19,0,0,17,60,17
BIO-2029-132,42,2024-02-26,0,0,18,60,18
BIO-2029-132,43,2024-03-04,0,0,18,60,18
BIO-2029-132,44,2024-03-11,0,0,18,60,18
BIO-2029-132,45,2024-03-18,0,0,19,60,19
BIO-2029-132,46,2024-03-25,0,0,19,60,19
BIO-2029-132,47,2024-04-01,0,0,20,60,20
BIO-2029-132,48,2024-04-08,0,0,20,60,20
BIO-2029-132,49,2024-04-15,0,0,21,60,21
BIO-2029-132,50,2024-04-22,0,0,21,60,21
BIO-2029-132,51,2024-04-29,0,0,21,60,21
BIO-2029-132,52,2024-05-06,0,0,22,60,22
BIO-2029-132,53,2024-05-13,0,0,22,60,22
BIO-2029-132,54,2024-05-20,0,0,23,60,23
BIO-2029-132,55,2024-05-27,0,0,23,60,23
BIO-2029-132,56,2024-06-03,0,0,23,60,23
BIO-2029-132,57,2024-06-10,0,0,24,60,24
BIO-2029-132,58,2024-06-17,0,0,24,60,24
BIO-2029-132,59,2024-06-24,0,0,25,60,25
BIO-2029-132,60,2024-07-01,0,0,25,60,25
BIO-2029-132,61,2024-07-08,0,0,26,60,26
BIO-2029-132,62,2024-07-15,0,0,26,60,26
BIO-2029-132,63,2024-07-22,0,0,26,60,26
BIO-2029-132,64,2024-07-29,0,0,27,60,27
BIO-2029-132,65,2024-08-05,0,0,27,60,27
BIO-2029-132,66,2024-08-12,0,0,28,60,28
BIO-2029-132,67,2024-08-19,0,0,28,60,28
BIO-2029-132,68,2024-08-26,0,0,29,60,29
BIO-2029-132,69,2024-09-02,0,0,29,60,29
BIO-2029-132,70,2024-09-09,0,0,29,60,29
BIO-2029-132,71,2024-09-16,0,0,30,60,30
BIO-2029-132,72,2024-09-23,0,0,30,60,30
BIO-2029-132,73,2024-09-30,0,0,31,60,31
BIO-2029-132,74,2024-10-07,0,0,31,60,31
BIO-2029-132,75,2024-10-14,0,0,31,60,31
BIO-2029-132,76,2024-10-21,0,0,32,60,32
BIO-2029-132,77,2024-10-28,0,0,32,60,32
BIO-2029-132,78,2024-11-04,0,0,33,60,33
BIO-2029-132,79,2024-11-11,0,0,33,60,33
BIO-2029-132,80,2024-11-18,0,0,34,60,34
BIO-2029-132,81,2024-11-25,0,0,34,60,34
BIO-2029-132,82,2024-12-02,0,0,34,60,34
BIO-2029-132,83,2024-12-09,0,0,35,60,35
BIO-2029-132,84,2024-12-16,0,0,35,60,35
BIO-2029-132,85,2024-12-23,0,0,36,60,36
BIO-2029-132,86,2024-12-30,0,0,36,60,36
BIO-2029-132,87,2025-01-06,0,0,37,60,37
BIO-2029-132,88,2025-01-13,0,0,37,60,37
BIO-2029-132,89,2025-01-20,0,0,37,60,37
BIO-2029-132,90,2025-01-27,0,0,38,60,38
BIO-2029-132,91,2025-02-03,0,0,38,60,38
BIO-2029-132,92,2025-02-10,0,0,39,60,39
BIO-2029-132,93,2025-02-17,0,0,39,60,39
BIO-2029-132,94,2025-02-24,0,0,39,60,39
BIO-2029-132,95,2025-03-03,0,0,40,60,40
BIO-2029-132,96,2025-03-10,0,0,40,60,40
BIO-2029-132,97,2025-03-17,0,0,41,60,41
BIO-2029-132,98,2025-03-24,0,0,41,60,41
BIO-2029-132,99,2025-03-31,1,1,42,60,41
BIO-2029-132,100,2025-04-07,0,1,42,60,41
BIO-2029-132,101,2025-04-14,0,1,42,60,41
BIO-2029-132,102,2025-04-21,0,1,43,60,42
BIO-2029-132,103,2025-04-28,1,2,43,60,41
BIO-2029-132,104,2025-05-05,0,2,44,60,42
BIO-2030-894,1,2023-01-05,0,0,20,3190,20
BIO-2030-894,2,2023-01-12,0,0,39,3190,39
BIO-2030-894,3,2023-01-19,0,0,59,3190,59
BIO-2030-894,4,2023-01-26,0,0,79,3190,79
BIO-2030-894,5,2023-02-02,0,0,98,3190,98
BIO-2030-894,6,2023-02-09,1,1,118,3190,117
BIO-2030-894,7,2023-02-16,0,1,138,3190,137
BIO-2030-894,8,2023-02-23,0,1,158,3190,157
BIO-2030-894,9,2023-03-02,0,1,177,3190,176
BIO-2030-894,10,2023-03-09,1,2,197,3190,195
BIO-2030-894,11,2023-03-16,0,2,217,3190,215
BIO-2030-894,12,2023-03-23,0,2,236,3190,234
BIO-2030-894,13,2023-03-30,1,3,256,3190,253
BIO-2030-894,14,2023-04-06,1,4,276,3190,272
BIO-2030-894,15,2023-04-13,0,4,295,3190,291
BIO-2030-894,16,2023-04-20,1,5,315,3190,310
BIO-2030-894,17,2023-04-27,1,6,335,3190,329
BIO-2030-894,18,2023-05-04,0,6,354,3190,348
BIO-2030-894,19,2023-05-11,1,7,374,3190,367
BIO-2030-894,20,2023-05-18,1,8,394,3190,386
BIO-2030-894,21,2023-05-25,1,9,414,3190,405
BIO-2030-894,22,2023-06-01,2,11,433,3190,422
BIO-2030-894,23,2023-06-08,2,13,453,3190,440
BIO-2030-894,24,2023-06-15,1,14,473,3190,459
BIO-2030-894,25,2023-06-22,1,15,492,3190,477
BIO-2030-894,26,2023-06-29,0,15,512,3190,497
BIO-2030-894,27,2023-07-06,1,16,532,3190,516
BIO-2030-894,28,2023-07-13,0,16,551,3190,535
BIO-2030-894,29,2023-07-20,1,17,571,3190,554
BIO-2030-894,30,2023-07-27,0,17,591,3190,574
BIO-2030-894,31,2023-08-03,1,18,610,3190,592
BIO-2030-894,32,2023-08-10,0,18,630,3190,612
BIO-2030-894,33,2023-08-17,2,20,650,3190,630
BIO-2030-894,34,2023-08-24,1,21,670,3190,649
BIO-2030-894,35,2023-08-31,1,22,689,3190,667
BIO-2030-894,36,2023-09-07,2,24,709,3190,685
BIO-2030-894,37,2023-09-14,2,26,729,3190,703
BIO-2030-894,38,2023-09-21,1,27,748,3190,721
BIO-2030-894,39,2023-09-28,1,28,768,3190,740
BIO-2030-894,40,2023-10-05,2,30,788,3190,758
BIO-2030-894,41,2023-10-12,2,32,807,3190,775
BIO-2030-894,42,2023-10-19,3,35,827,3190,792
BIO-2030-894,43,2023-10-26,2,37,847,3190,810
BIO-2030-894,44,2023-11-02,2,39,866,3190,827
BIO-2030-894,45,2023-11-09,2,41,886,3190,845
BIO-2030-894,46,2023-11-16,3,44,906,3190,862
BIO-2030-894,47,2023-11-23,4,48,925,3190,877
BIO-2030-894,48,2023-11-30,1,49,945,3190,896
BIO-2030-894,49,2023-12-07,3,52,965,3190,913
BIO-2030-894,50,2023-12-14,1,53,985,3190,932
BIO-2030-894,51,2023-12-21,3,56,1004,3190,948
BIO-2030-894,52,2023-12-28,6,62,1024,3190,962
BIO-2030-894,53,2024-01-04,3,65,1044,3190,979
BIO-2030-894,54,2024-01-11,6,71,1063,3190,992
BIO-2030-894,55,2024-01-18,5,76,1083,3190,1007
BIO-2030-894,56,2024-01-25,7,83,1103,3190,1020
BIO-2030-894,57,2024-02-01,6,89,1122,3190,1033
BIO-2030-894,58,2024-02-08,3,92,1142,3190,1050
BIO-2030-894,59,2024-02-15,4,96,1162,3190,1066
BIO-2030-894,60,2024-02-22,5,101,1181,3190,1080
BIO-2030-894,61,2024-02-29,3,104,1201,3190,1097
BIO-2030-894,62,2024-03-07,6,110,1221,3190,1111
BIO-2030-894,63,2024-03-14,6,116,1241,3190,1125
BIO-2030-894,64,2024-03-21,10,126,1260,3190,1134
BIO-2030-894,65,2024-03-28,6,132,1280,3190,1148
BIO-2030-894,66,2024-04-04,9,141,1300,3190,1159
BIO-2030-894,67,2024-04-11,11,152,1319,3190,1167
BIO-2030-894,68,2024-04-18,11,163,1339,3190,1176
BIO-2030-894,69,2024-04-25,5,168,1359,3190,1191
BIO-2030-894,70,2024-05-02,7,175,1378,3190,1203
BIO-2030-894,71,2024-05-09,6,181,1398,3190,1217
BIO-2030-894,72,2024-05-16,7,188,1418,3190,1230
BIO-2030-894,73,2024-05-23,6,194,1437,3190,1243
BIO-2030-894,74,2024-05-30,11,205,1457,3190,1252
BIO-2030-894,75,2024-06-06,7,212,1477,3190,1265
BIO-2030-894,76,2024-06-13,8,220,1497,3190,1277
BIO-2030-894,77,2024-06-20,13,233,1516,3190,1283
BIO-2030-894,78,2024-06-27,4,237,1536,3190,1299
BIO-2030-894,79,2024-07-04,8,245,1556,3190,1311
BIO-2030-894,80,2024-07-11,11,256,1575,3190,1319
BIO-2030-894,81,2024-07-18,5,261,1595,3190,1334
BIO-2030-894,82,2024-07-25,9,270,1615,3190,1345
BIO-2030-894,83,2024-08-01,5,275,1634,3190,1359
BIO-2030-894,84,2024-08-08,11,286,1654,3190,1368
BIO-2030-894,85,2024-08-15,6,292,1674,3190,1382
BIO-2030-894,86,2024-08-22,6,298,1693,3190,1395
BIO-2030-894,87,2024-08-29,9,307,1713,3190,1406
BIO-2030-894,88,2024-09-05,5,312,1733,3190,1421
BIO-2030-894,89,2024-09-12,6,318,1753,3190,1435
BIO-2030-894,90,2024-09-19,7,325,1772,3190,1447
BIO-2030-894,91,2024-09-26,7,332,1792,3190,1460
BIO-2030-894,92,2024-10-03,8,340,1812,3190,1472
BIO-2030-894,93,2024-10-10,9,349,1831,3190,1482
BIO-2030-894,94,2024-10-17,9,358,1851,3190,1493
BIO-2030-894,95,2024-10-24,10,368,1871,3190,1503
BIO-2030-894,96,2024-10-31,7,375,1890,3190,1515
BIO-2030-894,97,2024-11-07,5,380,1910,3190,1530
BIO-2030-894,98,2024-11-14,12,392,1930,3190,1538
BIO-2030-894,99,2024-11-21,13,405,1949,3190,1544
BIO-2030-894,100,2024-11-28,7,412,1969,3190,1557
BIO-2030-894,101,2024-12-05,9,421,1989,3190,1568
BIO-2030-894,102,2024-12-12,10,431,2009,3190,1578
BIO-2030-894,103,2024-12-19,11,442,2028,3190,1586
BIO-2030-894,104,2024-12-26,12,454,2048,3190,1594
BIO-2031-135,1,2023-06-20,1,1,13,1730,12
BIO-2031-135,2,2023-06-27,4,5,25,1730,20
BIO-2031-135,3,2023-07-04,1,6,38,1730,32
BIO-2031-135,4,2023-07-11,3,9,50,1730,41
BIO-2031-135,5,2023-07-18,6,15,63,1730,48
BIO-2031-135,6,2023-07-25,4,19,75,1730,56
BIO-2031-135,7,2023-08-01,3,22,88,1730,66
BIO-2031-135,8,2023-08-08,8,30,100,1730,70
BIO-2031-135,9,2023-08-15,8,38,113,1730,75
BIO-2031-135,10,2023-08-22,8,46,125,1730,79
BIO-2031-135,11,2023-08-29,5,51,138,1730,87
BIO-2031-135,12,2023-09-05,4,55,150,1730,95
BIO-2031-135,13,2023-09-12,10,65,163,1730,98
BIO-2031-135,14,2023-09-19,7,72,176,1730,104
BIO-2031-135,15,2023-09-26,11,83,188,1730,105
BIO-2031-135,16,2023-10-03,7,90,201,1730,111
BIO-2031-135,17,2023-10-10,7,97,213,1730,116
BIO-2031-135,18,2023-10-17,14,111,226,1730,115
BIO-2031-135,19,2023-10-24,10,121,238,1730,117
BIO-2031-135,20,2023-10-31,6,127,251,1730,124
BIO-2031-135,21,2023-11-07,7,134,263,1730,129
BIO-2031-135,22,2023-11-14,10,144,276,1730,132
BIO-2031-135,23,2023-11-21,5,149,288,1730,139
BIO-2031-135,24,2023-11-28,11,160,301,1730,141
BIO-2031-135,25,2023-12-05,11,171,313,1730,142
BIO-2031-135,26,2023-12-12,16,187,326,1730,139
BIO-2031-135,27,2023-12-19,10,197,338,1730,141
BIO-2031-135,28,2023-12-26,20,217,351,1730,134
BIO-2031-135,29,2024-01-02,8,225,364,1730,139
BIO-2031-135,30,2024-01-09,15,240,376,1730,136
BIO-2031-135,31,2024-01-16,7,247,389,1730,142
BIO-2031-135,32,2024-01-23,19,266,401,1730,135
BIO-2031-135,33,2024-01-30,24,290,414,1730,124
BIO-2031-135,34,2024-02-06,22,312,426,1730,114
BIO-2031-135,35,2024-02-13,17,329,439,1730,110
BIO-2031-135,36,2024-02-20,16,345,451,1730,106
BIO-2031-135,37,2024-02-27,24,369,464,1730,95
BIO-2031-135,38,2024-03-05,27,396,476,1730,80
BIO-2031-135,39,2024-03-12,29,425,489,1730,64
BIO-2031-135,40,2024-03-19,17,442,501,1730,59
BIO-2031-135,41,2024-03-26,32,474,514,1730,40
BIO-2031-135,42,2024-04-02,13,487,527,1730,40
BIO-2031-135,43,2024-04-09,16,503,539,1730,36
BIO-2031-135,44,2024-04-16,12,515,552,1730,37
BIO-2031-135,45,2024-04-23,18,533,564,1730,31
BIO-2031-135,46,2024-04-30,34,567,577,1730,10
BIO-2031-135,47,2024-05-07,39,606,589,1730,-17
BIO-2031-135,48,2024-05-14,38,644,602,1730,-42
BIO-2031-135,49,2024-05-21,35,679,614,1730,-65
BIO-2031-135,50,2024-05-28,33,712,627,1730,-85
BIO-2031-135,51,2024-06-04,42,754,639,1730,-115
BIO-2031-135,52,2024-06-11,31,785,652,1730,-133
BIO-2031-135,53,2024-06-18,52,837,664,1730,-173
BIO-2031-135,54,2024-06-25,48,885,677,1730,-208
BIO-2031-135,55,2024-07-02,51,936,689,1730,-247
BIO-2031-135,56,2024-07-09,45,981,702,1730,-279
BIO-2031-135,57,2024-07-16,66,1047,715,1730,-332
BIO-2031-135,58,2024-07-23,34,1081,727,1730,-354
BIO-2031-135,59,2024-07-30,43,1124,740,1730,-384
BIO-2031-135,60,2024-08-06,68,1192,752,1730,-440
BIO-2031-135,61,2024-08-13,53,1245,765,1730,-480
BIO-2031-135,62,2024-08-20,80,1325,777,1730,-548
BIO-2031-135,63,2024-08-27,47,1372,790,1730,-582
BIO-2031-135,64,2024-09-03,50,1422,802,1730,-620
BIO-2031-135,65,2024-09-10,86,1508,815,1730,-693
BIO-2031-135,66,2024-09-17,59,1567,827,1730,-740
BIO-2031-135,67,2024-09-24,64,1631,840,1730,-791
BIO-2031-135,68,2024-10-01,51,1682,852,1730,-830
BIO-2031-135,69,2024-10-08,48,1730,865,1730,-865
BIO-2031-135,70,2024-10-15,77,1730,878,1730,-852
BIO-2031-135,71,2024-10-22,37,1730,890,1730,-840
BIO-2031-135,72,2024-10-29,95,1730,903,1730,-827
BIO-2031-135,73,2024-11-05,88,1730,915,1730,-815
BIO-2031-135,74,2024-11-12,43,1730,928,1730,-802
BIO-2031-135,75,2024-11-19,82,1730,940,1730,-790
BIO-2031-135,76,2024-11-26,75,1730,953,1730,-777
BIO-2031-135,77,2024-12-03,43,1730,965,1730,-765
BIO-2031-135,78,2024-12-10,49,1730,978,1730,-752
BIO-2031-135,79,2024-12-17,59,1730,990,1730,-740
BIO-2031-135,80,2024-12-24,80,1730,1003,1730,-727
BIO-2031-135,81,2024-12-31,75,1730,1015,1730,-715
BIO-2031-135,82,2025-01-07,67,1730,1028,1730,-702
BIO-2031-135,83,2025-01-14,84,1730,1041,1730,-689
BIO-2031-135,84,2025-01-21,82,1730,1053,1730,-677
BIO-2031-135,85,2025-01-28,72,1730,1066,1730,-664
BIO-2031-135,86,2025-02-04,84,1730,1078,1730,-652
BIO-2031-135,87,2025-02-11,51,1730,1091,1730,-639
BIO-2031-135,88,2025-02-18,90,1730,1103,1730,-627
BIO-2031-135,89,2025-02-25,71,1730,1116,1730,-614
BIO-2031-135,90,2025-03-04,86,1730,1128,1730,-602
BIO-2031-135,91,2025-03-11,66,1730,1141,1730,-589
BIO-2031-135,92,2025-03-18,43,1730,1153,1730,-577
BIO-2031-135,93,2025-03-25,67,1730,1166,1730,-564
BIO-2031-135,94,2025-04-01,55,1730,1178,1730,-552
BIO-2031-135,95,2025-04-08,80,1730,1191,1730,-539
BIO-2031-135,96,2025-04-15,64,1730,1203,1730,-527
BIO-2031-135,97,2025-04-22,93,1730,1216,1730,-514
BIO-2031-135,98,2025-04-29,82,1730,1229,1730,-501
BIO-2031-135,99,2025-05-06,84,1730,1241,1730,-489
BIO-2031-135,100,2025-05-13,48,1730,1254,1730,-476
BIO-2031-135,101,2025-05-20,112,1730,1266,1730,-464
BIO-2031-135,102,2025-05-27,103,1730,1279,1730,-451
BIO-2031-135,103,2025-06-03,100,1730,1291,1730,-439
BIO-2031-135,104,2025-06-10,62,1730,1304,1730,-426
BIO-2032-447,1,2024-07-09,0,0,1,107,1
BIO-2032-447,2,2024-07-16,0,0,3,107,3
BIO-2032-447,3,2024-07-23,0,0,4,107,4
BIO-2032-447,4,2024-07-30,0,0,5,107,5
BIO-2032-447,5,2024-08-06,0,0,6,107,6
BIO-2032-447,6,2024-08-13,1,1,8,107,7
BIO-2032-447,7,2024-08-20,0,1,9,107,8
BIO-2032-447,8,2024-08-27,1,2,10,107,8
BIO-2032-447,9,2024-09-03,1,3,12,107,9
BIO-2032-447,10,2024-09-10,0,3,13,107,10
BIO-2032-447,11,2024-09-17,1,4,14,107,10
BIO-2032-447,12,2024-09-24,1,5,15,107,10
BIO-2032-447,13,2024-10-01,0,5,17,107,12
BIO-2032-447,14,2024-10-08,1,6,18,107,12
BIO-2032-447,15,2024-10-15,2,8,19,107,11
BIO-2032-447,16,2024-10-22,2,10,21,107,11
BIO-2032-447,17,2024-10-29,3,13,22,107,9
BIO-2032-447,18,2024-11-05,2,15,23,107,8
BIO-2032-447,19,2024-11-12,1,16,24,107,8
BIO-2032-447,20,2024-11-19,3,19,26,107,7
BIO-2032-447,21,2024-11-26,1,20,27,107,7
BIO-2032-447,22,2024-12-03,4,24,28,107,4
BIO-2032-447,23,2024-12-10,2,26,30,107,4
BIO-2032-447,24,2024-12-17,3,29,31,107,2
BIO-2032-447,25,2024-12-24,5,34,32,107,-2
BIO-2032-447,26,2024-12-31,6,40,34,107,-6
BIO-2032-447,27,2025-01-07,3,43,35,107,-8
BIO-2032-447,28,2025-01-14,6,49,36,107,-13
BIO-2032-447,29,2025-01-21,3,52,37,107,-15
BIO-2032-447,30,2025-01-28,6,58,39,107,-19
BIO-2032-447,31,2025-02-04,6,64,40,107,-24
BIO-2032-447,32,2025-02-11,3,67,41,107,-26
BIO-2032-447,33,2025-02-18,4,71,43,107,-28
BIO-2032-447,34,2025-02-25,3,74,44,107,-30
BIO-2032-447,35,2025-03-04,5,79,45,107,-34
BIO-2032-447,36,2025-03-11,4,83,46,107,-37
BIO-2032-447,37,2025-03-18,7,90,48,107,-42
BIO-2032-447,38,2025-03-25,10,100,49,107,-51
BIO-2032-447,39,2025-04-01,3,103,50,107,-53
BIO-2032-447,40,2025-04-08,7,107,52,107,-55
BIO-2032-447,41,2025-04-15,8,107,53,107,-54
BIO-2032-447,42,2025-04-22,11,107,54,107,-53
BIO-2032-447,43,2025-04-29,8,107,55,107,-52
BIO-2032-447,44,2025-05-06,8,107,57,107,-50
BIO-2032-447,45,2025-05-13,8,107,58,107,-49
BIO-2032-447,46,2025-05-20,6,107,59,107,-48
BIO-2032-447,47,2025-05-27,4,107,61,107,-46
BIO-2032-447,48,2025-06-03,8,107,62,107,-45
BIO-2032-447,49,2025-06-10,5,107,63,107,-44
BIO-2032-447,50,2025-06-17,11,107,64,107,-43
BIO-2032-447,51,2025-06-24,8,107,66,107,-41
BIO-2032-447,52,2025-07-01,11,107,67,107,-40
BIO-2032-447,53,2025-07-08,6,107,68,107,-39
BIO-2032-447,54,2025-07-15,17,107,70,107,-37
BIO-2032-447,55,2025-07-22,17,107,71,107,-36
BIO-2032-447,56,2025-07-29,8,107,72,107,-35
BIO-2032-447,57,2025-08-05,10,107,73,107,-34
BIO-2032-447,58,2025-08-12,15,107,75,107,-32
BIO-2032-447,59,2025-08-19,7,107,76,107,-31
BIO-2032-447,60,2025-08-26,11,107,77,107,-30
BIO-2032-447,61,2025-09-02,10,107,79,107,-28
BIO-2032-447,62,2025-09-09,21,107,80,107,-27
BIO-2032-447,63,2025-09-16,20,107,81,107,-26
BIO-2032-447,64,2025-09-23,16,107,83,107,-24
BIO-2032-447,65,2025-09-30,15,107,84,107,-23
BIO-2032-447,66,2025-10-07,22,107,85,107,-22
BIO-2032-447,67,2025-10-14,22,107,86,107,-21
BIO-2032-447,68,2025-10-21,22,107,88,107,-19
BIO-2032-447,69,2025-10-28,8,107,89,107,-18
BIO-2032-447,70,2025-11-04,9,107,90,107,-17
BIO-2032-447,71,2025-11-11,17,107,92,107,-15
BIO-2032-447,72,2025-11-18,15,107,93,107,-14
BIO-2032-447,73,2025-11-25,6,107,94,107,-13
BIO-2032-447,74,2025-12-02,7,107,95,107,-12
BIO-2032-447,75,2025-12-09,20,107,97,107,-10
BIO-2032-447,76,2025-12-16,19,107,98,107,-9
BIO-2032-447,77,2025-12-23,11,107,99,107,-8
BIO-2032-447,78,2025-12-30,19,107,101,107,-6
BIO-2032-447,79,2026-01-06,14,107,102,107,-5
BIO-2032-447,80,2026-01-13,17,107,103,107,-4
BIO-2032-447,81,2026-01-20,11,107,104,107,-3
BIO-2032-447,82,2026-01-27,7,107,106,107,-1
BIO-2032-447,83,2026-02-03,11,107,107,107,0
BIO-2033-926,1,2023-08-13,0,0,38,4913,38
BIO-2033-926,2,2023-08-20,1,1,76,4913,75
BIO-2033-926,3,2023-08-27,0,1,113,4913,112
BIO-2033-926,4,2023-09-03,1,2,151,4913,149
BIO-2033-926,5,2023-09-10,0,2,189,4913,187
BIO-2033-926,6,2023-09-17,0,2,227,4913,225
BIO-2033-926,7,2023-09-24,1,3,265,4913,262
BIO-2033-926,8,2023-10-01,1,4,302,4913,298
BIO-2033-926,9,2023-10-08,1,5,340,4913,335
BIO-2033-926,10,2023-10-15,2,7,378,4913,371
BIO-2033-926,11,2023-10-22,1,8,416,4913,408
BIO-2033-926,12,2023-10-29,2,10,454,4913,444
BIO-2033-926,13,2023-11-05,2,12,491,4913,479
BIO-2033-926,14,2023-11-12,1,13,529,4913,516
BIO-2033-926,15,2023-11-19,2,15,567,4913,552
BIO-2033-926,16,2023-11-26,3,18,605,4913,587
BIO-2033-926,17,2023-12-03,1,19,642,4913,623
BIO-2033-926,18,2023-12-10,2,21,680,4913,659
BIO-2033-926,19,2023-12-17,4,25,718,4913,693
BIO-2033-926,20,2023-12-24,2,27,756,4913,729
BIO-2033-926,21,2023-12-31,3,30,794,4913,764
BIO-2033-926,22,2024-01-07,5,35,831,4913,796
BIO-2033-926,23,2024-01-14,2,37,869,4913,832
BIO-2033-926,24,2024-01-21,1,38,907,4913,869
BIO-2033-926,25,2024-01-28,5,43,945,4913,902
BIO-2033-926,26,2024-02-04,5,48,983,4913,935
BIO-2033-926,27,2024-02-11,3,51,1020,4913,969
BIO-2033-926,28,2024-02-18,4,55,1058,4913,1003
BIO-2033-926,29,2024-02-25,5,60,1096,4913,1036
BIO-2033-926,30,2024-03-03,5,65,1134,4913,1069
BIO-2033-926,31,2024-03-10,3,68,1172,4913,1104
BIO-2033-926,32,2024-03-17,2,70,1209,4913,1139
BIO-2033-926,33,2024-03-24,4,74,1247,4913,1173
BIO-2033-926,34,2024-03-31,7,81,1285,4913,1204
BIO-2033-926,35,2024-04-07,7,88,1323,4913,1235
BIO-2033-926,36,2024-04-14,8,96,1361,4913,1265
BIO-2033-926,37,2024-04-21,8,104,1398,4913,1294
BIO-2033-926,38,2024-04-28,6,110,1436,4913,1326
BIO-2033-926,39,2024-05-05,5,115,1474,4913,1359
BIO-2033-926,40,2024-05-12,8,123,1512,4913,1389
BIO-2033-926,41,2024-05-19,8,131,1549,4913,1418
BIO-2033-926,42,2024-05-26,7,138,1587,4913,1449
BIO-2033-926,43,2024-06-02,3,141,1625,4913,1484
BIO-2033-926,44,2024-06-09,11,152,1663,4913,1511
BIO-2033-926,45,2024-06-16,7,159,1701,4913,1542
BIO-2033-926,46,2024-06-23,7,166,1738,4913,1572
BIO-2033-926,47,2024-06-30,10,176,1776,4913,1600
BIO-2033-926,48,2024-07-07,11,187,1814,4913,1627
BIO-2033-926,49,2024-07-14,6,193,1852,4913,1659
BIO-2033-926,50,2024-07-21,14,207,1890,4913,1683
BIO-2033-926,51,2024-07-28,8,215,1927,4913,1712
BIO-2033-926,52,2024-08-04,7,222,1965,4913,1743
BIO-2033-926,53,2024-08-11,10,232,2003,4913,1771
BIO-2033-926,54,2024-08-18,15,247,2041,4913,1794
BIO-2033-926,55,2024-08-25,20,267,2079,4913,1812
BIO-2033-926,56,2024-09-01,18,285,2116,4913,1831
BIO-2033-926,57,2024-09-08,21,306,2154,4913,1848
BIO-2033-926,58,2024-09-15,8,314,2192,4913,1878
BIO-2033-926,59,2024-09-22,8,322,2230,4913,1908
BIO-2033-926,60,2024-09-29,17,339,2268,4913,1929
BIO-2033-926,61,2024-10-06,12,351,2305,4913,1954
BIO-2033-926,62,2024-10-13,23,374,2343,4913,1969
BIO-2033-926,63,2024-10-20,21,395,2381,4913,1986
BIO-2033-926,64,2024-10-27,27,422,2419,4913,1997
BIO-2033-926,65,2024-11-03,13,435,2456,4913,2021
BIO-2033-926,66,2024-11-10,18,453,2494,4913,2041
BIO-2033-926,67,2024-11-17,19,472,2532,4913,2060
BIO-2033-926,68,2024-11-24,13,485,2570,4913,2085
BIO-2033-926,69,2024-12-01,21,506,2608,4913,2102
BIO-2033-926,70,2024-12-08,18,524,2645,4913,2121
BIO-2033-926,71,2024-12-15,19,543,2683,4913,2140
BIO-2033-926,72,2024-12-22,17,560,2721,4913,2161
BIO-2033-926,73,2024-12-29,9,569,2759,4913,2190
BIO-2033-926,74,2025-01-05,20,589,2797,4913,2208
BIO-2033-926,75,2025-01-12,16,605,2834,4913,2229
BIO-2033-926,76,2025-01-19,8,613,2872,4913,2259
BIO-2033-926,77,2025-01-26,15,628,2910,4913,2282
BIO-2033-926,78,2025-02-02,15,643,2948,4913,2305
BIO-2033-926,79,2025-02-09,17,660,2986,4913,2326
BIO-2033-926,80,2025-02-16,11,671,3023,4913,2352
BIO-2033-926,81,2025-02-23,19,690,3061,4913,2371
BIO-2033-926,82,2025-03-02,23,713,3099,4913,2386
BIO-2033-926,83,2025-03-09,22,735,3137,4913,2402
BIO-2033-926,84,2025-03-16,25,760,3175,4913,2415
BIO-2033-926,85,2025-03-23,17,777,3212,4913,2435
BIO-2033-926,86,2025-03-30,19,796,3250,4913,2454
BIO-2033-926,87,2025-04-06,25,821,3288,4913,2467
BIO-2033-926,88,2025-04-13,17,838,3326,4913,2488
BIO-2033-926,89,2025-04-20,22,860,3364,4913,2504
BIO-2033-926,90,2025-04-27,17,877,3401,4913,2524
BIO-2033-926,91,2025-05-04,16,893,3439,4913,2546
BIO-2033-926,92,2025-05-11,24,917,3477,4913,2560
BIO-2033-926,93,2025-05-18,11,928,3515,4913,2587
BIO-2033-926,94,2025-05-25,15,943,3552,4913,2609
BIO-2033-926,95,2025-06-01,13,956,3590,4913,2634
BIO-2033-926,96,2025-06-08,16,972,3628,4913,2656
BIO-2033-926,97,2025-06-15,13,985,3666,4913,2681
BIO-2033-926,98,2025-06-22,21,1006,3704,4913,2698
BIO-2033-926,99,2025-06-29,27,1033,3741,4913,2708
BIO-2033-926,100,2025-07-06,27,1060,3779,4913,2719
BIO-2033-926,101,2025-07-13,17,1077,3817,4913,2740
BIO-2033-926,102,2025-07-20,33,1110,3855,4913,2745
BIO-2033-926,103,2025-07-27,24,1134,3893,4913,2759
BIO-2033-926,104,2025-08-03,20,1154,3930,4913,2776
BIO-2034-835,1,2023-04-23,0,0,1,210,1
BIO-2034-835,2,2023-04-30,0,0,3,210,3
BIO-2034-835,3,2023-05-07,0,0,4,210,4
BIO-2034-835,4,2023-05-14,0,0,6,210,6
BIO-2034-835,5,2023-05-21,0,0,7,210,7
BIO-2034-835,6,2023-05-28,1,1,9,210,8
BIO-2034-835,7,2023-06-04,0,1,10,210,9
BIO-2034-835,8,2023-06-11,0,1,12,210,11
BIO-2034-835,9,2023-06-18,0,1,13,210,12
BIO-2034-835,10,2023-06-25,1,2,14,210,12
BIO-2034-835,11,2023-07-02,0,2,16,210,14
BIO-2034-835,12,2023-07-09,1,3,17,210,14
BIO-2034-835,13,2023-07-16,0,3,19,210,16
BIO-2034-835,14,2023-07-23,1,4,20,210,16
BIO-2034-835,15,2023-07-30,1,5,22,210,17
BIO-2034-835,16,2023-08-06,0,5,23,210,18
BIO-2034-835,17,2023-08-13,1,6,24,210,18
BIO-2034-835,18,2023-08-20,1,7,26,210,19
BIO-2034-835,19,2023-08-27,0,7,27,210,20
BIO-2034-835,20,2023-09-03,1,8,29,210,21
BIO-2034-835,21,2023-09-10,1,9,30,210,21
BIO-2034-835,22,2023-09-17,1,10,32,210,22
BIO-2034-835,23,2023-09-24,1,11,33,210,22
BIO-2034-835,24,2023-10-01,2,13,35,210,22
BIO-2034-835,25,2023-10-08,2,15,36,210,21
BIO-2034-835,26,2023-10-15,2,17,37,210,20
BIO-2034-835,27,2023-10-22,0,17,39,210,22
BIO-2034-835,28,2023-10-29,2,19,40,210,21
BIO-2034-835,29,2023-11-05,2,21,42,210,21
BIO-2034-835,30,2023-11-12,0,21,43,210,22
BIO-2034-835,31,2023-11-19,2,23,45,210,22
BIO-2034-835,32,2023-11-26,1,24,46,210,22
BIO-2034-835,33,2023-12-03,2,26,47,210,21
BIO-2034-835,34,2023-12-10,2,28,49,210,21
BIO-2034-835,35,2023-12-17,2,30,50,210,20
BIO-2034-835,36,2023-12-24,3,33,52,210,19
BIO-2034-835,37,2023-12-31,2,35,53,210,18
BIO-2034-835,38,2024-01-07,1,36,55,210,19
BIO-2034-835,39,2024-01-14,4,40,56,210,16
BIO-2034-835,40,2024-01-21,4,44,58,210,14
BIO-2034-835,41,2024-01-28,3,47,59,210,12
BIO-2034-835,42,2024-02-04,2,49,60,210,11
BIO-2034-835,43,2024-02-11,1,50,62,210,12
BIO-2034-835,44,2024-02-18,4,54,63,210,9
BIO-2034-835,45,2024-02-25,1,55,65,210,10
BIO-2034-835,46,2024-03-03,1,56,66,210,10
BIO-2034-835,47,2024-03-10,4,60,68,210,8
BIO-2034-835,48,2024-03-17,2,62,69,210,7
BIO-2034-835,49,2024-03-24,1,63,70,210,7
BIO-2034-835,50,2024-03-31,4,67,72,210,5
BIO-2034-835,51,2024-04-07,2,69,73,210,4
BIO-2034-835,52,2024-04-14,3,72,75,210,3
BIO-2034-835,53,2024-04-21,2,74,76,210,2
BIO-2034-835,54,2024-04-28,3,77,78,210,1
BIO-2034-835,55,2024-05-05,7,84,79,210,-5
BIO-2034-835,56,2024-05-12,8,92,81,210,-11
BIO-2034-835,57,2024-05-19,6,98,82,210,-16
BIO-2034-835,58,2024-05-26,6,104,83,210,-21
BIO-2034-835,59,2024-06-02,3,107,85,210,-22
BIO-2034-835,60,2024-06-09,3,110,86,210,-24
BIO-2034-835,61,2024-06-16,5,115,88,210,-27
BIO-2034-835,62,2024-06-23,8,123,89,210,-34
BIO-2034-835,63,2024-06-30,10,133,91,210,-42
BIO-2034-835,64,2024-07-07,9,142,92,210,-50
BIO-2034-835,65,2024-07-14,7,149,93,210,-56
BIO-2034-835,66,2024-07-21,4,153,95,210,-58
BIO-2034-835,67,2024-07-28,11,164,96,210,-68
BIO-2034-835,68,2024-08-04,7,171,98,210,-73
BIO-2034-835,69,2024-08-11,11,182,99,210,-83
BIO-2034-835,70,2024-08-18,9,191,101,210,-90
BIO-2034-835,71,2024-08-25,12,203,102,210,-101
BIO-2034-835,72,2024-09-01,13,210,104,210,-106
BIO-2034-835,73,2024-09-08,14,210,105,210,-105
BIO-2034-835,74,2024-09-15,10,210,106,210,-104
BIO-2034-835,75,2024-09-22,9,210,108,210,-102
BIO-2034-835,76,2024-09-29,7,210,109,210,-101
BIO-2034-835,77,2024-10-06,14,210,111,210,-99
BIO-2034-835,78,2024-10-13,9,210,112,210,-98
BIO-2034-835,79,2024-10-20,5,210,114,210,-96
BIO-2034-835,80,2024-10-27,8,210,115,210,-95
BIO-2034-835,81,2024-11-03,5,210,117,210,-93
BIO-2034-835,82,2024-11-10,9,210,118,210,-92
BIO-2034-835,83,2024-11-17,10,210,119,210,-91
BIO-2034-835,84,2024-11-24,7,210,121,210,-89
BIO-2034-835,85,2024-12-01,4,210,122,210,-88
BIO-2034-835,86,2024-12-08,13,210,124,210,-86
BIO-2034-835,87,2024-12-15,12,210,125,210,-85
BIO-2034-835,88,2024-12-22,12,210,127,210,-83
BIO-2034-835,89,2024-12-29,7,210,128,210,-82
BIO-2034-835,90,2025-01-05,12,210,129,210,-81
BIO-2034-835,91,2025-01-12,9,210,131,210,-79
BIO-2034-835,92,2025-01-19,6,210,132,210,-78
BIO-2034-835,93,2025-01-26,5,210,134,210,-76
BIO-2034-835,94,2025-02-02,7,210,135,210,-75
BIO-2034-835,95,2025-02-09,5,210,137,210,-73
BIO-2034-835,96,2025-02-16,15,210,138,210,-72
BIO-2034-835,97,2025-02-23,4,210,140,210,-70
BIO-2034-835,98,2025-03-02,9,210,141,210,-69
BIO-2034-835,99,2025-03-09,9,210,142,210,-68
BIO-2034-835,100,2025-03-16,8,210,144,210,-66
BIO-2034-835,101,2025-03-23,11,210,145,210,-65
BIO-2034-835,102,2025-03-30,6,210,147,210,-63
BIO-2034-835,103,2025-04-06,15,210,148,210,-62
BIO-2034-835,104,2025-04-13,9,210,150,210,-60
BIO-2035-936,1,2023-10-21,0,0,2,282,2
BIO-2035-936,2,2023-10-28,0,0,5,282,5
BIO-2035-936,3,2023-11-04,0,0,7,282,7
BIO-2035-936,4,2023-11-11,0,0,9,282,9
BIO-2035-936,5,2023-11-18,0,0,12,282,12
BIO-2035-936,6,2023-11-25,0,0,14,282,14
BIO-2035-936,7,2023-12-02,0,0,16,282,16
BIO-2035-936,8,2023-12-09,0,0,19,282,19
BIO-2035-936,9,2023-12-16,1,1,21,282,20
BIO-2035-936,10,2023-12-23,0,1,24,282,23
BIO-2035-936,11,2023-12-30,0,1,26,282,25
BIO-2035-936,12,2024-01-06,1,2,28,282,26
BIO-2035-936,13,2024-01-13,0,2,31,282,29
BIO-2035-936,14,2024-01-20,0,2,33,282,31
BIO-2035-936,15,2024-01-27,0,2,35,282,33
BIO-2035-936,16,2024-02-03,1,3,38,282,35
BIO-2035-936,17,2024-02-10,1,4,40,282,36
BIO-2035-936,18,2024-02-17,1,5,42,282,37
BIO-2035-936,19,2024-02-24,0,5,45,282,40
BIO-2035-936,20,2024-03-02,0,5,47,282,42
BIO-2035-936,21,2024-03-09,0,5,49,282,44
BIO-2035-936,22,2024-03-16,1,6,52,282,46
BIO-2035-936,23,2024-03-23,1,7,54,282,47
BIO-2035-936,24,2024-03-30,1,8,56,282,48
BIO-2035-936,25,2024-04-06,2,10,59,282,49
BIO-2035-936,26,2024-04-13,2,12,61,282,49
BIO-2035-936,27,2024-04-20,1,13,63,282,50
BIO-2035-936,28,2024-04-27,1,14,66,282,52
BIO-2035-936,29,2024-05-04,3,17,68,282,51
BIO-2035-936,30,2024-05-11,1,18,71,282,53
BIO-2035-936,31,2024-05-18,2,20,73,282,53
BIO-2035-936,32,2024-05-25,2,22,75,282,53
BIO-2035-936,33,2024-06-01,2,24,78,282,54
BIO-2035-936,34,2024-06-08,3,27,80,282,53
BIO-2035-936,35,2024-06-15,2,29,82,282,53
BIO-2035-936,36,2024-06-22,3,32,85,282,53
BIO-2035-936,37,2024-06-29,3,35,87,282,52
BIO-2035-936,38,2024-07-06,2,37,89,282,52
BIO-2035-936,39,2024-07-13,1,38,92,282,54
BIO-2035-936,40,2024-07-20,2,40,94,282,54
BIO-2035-936,41,2024-07-27,3,43,96,282,53
BIO-2035-936,42,2024-08-03,3,46,99,282,53
BIO-2035-936,43,2024-08-10,2,48,101,282,53
BIO-2035-936,44,2024-08-17,1,49,103,282,54
BIO-2035-936,45,2024-08-24,4,53,106,282,53
BIO-2035-936,46,2024-08-31,2,55,108,282,53
BIO-2035-936,47,2024-09-07,4,59,110,282,51
BIO-2035-936,48,2024-09-14,5,64,113,282,49
BIO-2035-936,49,2024-09-21,4,68,115,282,47
BIO-2035-936,50,2024-09-28,2,70,117,282,47
BIO-2035-936,51,2024-10-05,3,73,120,282,47
BIO-2035-936,52,2024-10-12,3,76,122,282,46
BIO-2035-936,53,2024-10-19,4,80,125,282,45
BIO-2035-936,54,2024-10-26,6,86,127,282,41
BIO-2035-936,55,2024-11-02,6,92,129,282,37
BIO-2035-936,56,2024-11-09,4,96,132,282,36
BIO-2035-936,57,2024-11-16,3,99,134,282,35
BIO-2035-936,58,2024-11-23,4,103,136,282,33
BIO-2035-936,59,2024-11-30,10,113,139,282,26
BIO-2035-936,60,2024-12-07,7,120,141,282,21
BIO-2035-936,61,2024-12-14,10,130,143,282,13
BIO-2035-936,62,2024-12-21,10,140,146,282,6
BIO-2035-936,63,2024-12-28,8,148,148,282,0
BIO-2035-936,64,2025-01-04,10,158,150,282,-8
BIO-2035-936,65,2025-01-11,5,163,153,282,-10
BIO-2035-936,66,2025-01-18,10,173,155,282,-18
BIO-2035-936,67,2025-01-25,6,179,157,282,-22
BIO-2035-936,68,2025-02-01,12,191,160,282,-31
BIO-2035-936,69,2025-02-08,4,195,162,282,-33
BIO-2035-936,70,2025-02-15,11,206,164,282,-42
BIO-2035-936,71,2025-02-22,4,210,167,282,-43
BIO-2035-936,72,2025-03-01,12,222,169,282,-53
BIO-2035-936,73,2025-03-08,6,228,172,282,-56
BIO-2035-936,74,2025-03-15,10,238,174,282,-64
BIO-2035-936,75,2025-03-22,8,246,176,282,-70
BIO-2035-936,76,2025-03-29,7,253,179,282,-74
BIO-2035-936,77,2025-04-05,10,263,181,282,-82
BIO-2035-936,78,2025-04-12,13,276,183,282,-93
BIO-2035-936,79,2025-04-19,4,280,186,282,-94
BIO-2035-936,80,2025-04-26,12,282,188,282,-94
BIO-2035-936,81,2025-05-03,9,282,190,282,-92
BIO-2035-936,82,2025-05-10,11,282,193,282,-89
BIO-2035-936,83,2025-05-17,7,282,195,282,-87
BIO-2035-936,84,2025-05-24,7,282,197,282,-85
BIO-2035-936,85,2025-05-31,11,282,200,282,-82
BIO-2035-936,86,2025-06-07,7,282,202,282,-80
BIO-2035-936,87,2025-06-14,8,282,204,282,-78
BIO-2035-936,88,2025-06-21,3,282,207,282,-75
BIO-2035-936,89,2025-06-28,4,282,209,282,-73
BIO-2035-936,90,2025-07-05,9,282,211,282,-71
BIO-2035-936,91,2025-07-12,9,282,214,282,-68
BIO-2035-936,92,2025-07-19,8,282,216,282,-66
BIO-2035-936,93,2025-07-26,4,282,219,282,-63
BIO-2035-936,94,2025-08-02,7,282,221,282,-61
BIO-2035-936,95,2025-08-09,6,282,223,282,-59
BIO-2035-936,96,2025-08-16,8,282,226,282,-56
BIO-2035-936,97,2025-08-23,11,282,228,282,-54
BIO-2035-936,98,2025-08-30,10,282,230,282,-52
BIO-2035-936,99,2025-09-06,4,282,233,282,-49
BIO-2035-936,100,2025-09-13,12,282,235,282,-47
BIO-2035-936,101,2025-09-20,8,282,237,282,-45
BIO-2035-936,102,2025-09-27,11,282,240,282,-42
BIO-2035-936,103,2025-10-04,5,282,242,282,-40
BIO-2035-936,104,2025-10-11,11,282,244,282,-38
